id,name,slug,alternative_names,tags,category,composition,concentration,ingredients,application_method,typical_time_seconds,temperature_celsius,voltage,current_density,hazards,safety_notes,ppe_required,reveals,typical_results,color_effects,compatible_materials,incompatible_materials,pace_product_available,pace_product_slug,pace_product_url,preparation_notes,application_notes,troubleshooting_notes,storage_notes,alternative_etchants,similar_etchants,astm_references,iso_references,other_references,example_image_url,before_after_image_url,related_material_ids,related_etchant_ids,status,featured,sort_order,view_count,save_count,created_at,updated_at
01115fe4-b4e0-4811-bdf0-3f23b1c891a8,Tucker's Reagent,tuckers-reagent,"[""Tucker's Etchant""]","[""aluminum"",""aluminum-alloy""]",material-specific,"45ml HCl, 15ml HNO₃, 15ml HF, 25ml H₂O",Mixed,"[{""name"": ""Hydrochloric Acid"", ""role"": ""etching agent"", ""amount"": ""45ml""}, {""name"": ""Nitric Acid"", ""role"": ""oxidizer"", ""amount"": ""15ml""}, {""name"": ""Hydrofluoric Acid"", ""role"": ""etching agent"", ""amount"": ""15ml""}, {""name"": ""Water"", ""role"": ""solvent"", ""amount"": ""25ml""}]",immersion,30,,,,,,,"Grain boundaries, precipitates, phases","For revealing grain structure in aluminum alloys, especially heat-treated materials. Good for showing precipitates.",Grain boundaries dark,"[""aluminum"",""aluminum-alloy"",""heat-treated-aluminum""]","[""steel"",""titanium""]",false,,,"CAUTION: HF is extremely hazardous. Mix 45ml HCl, 15ml HNO₃, 15ml HF, and 25ml water in plastic container. Use fume hood and proper PPE.",Immerse sample for 15-45 seconds. Swab if needed. Rinse immediately with copious water.,HF causes severe burns. Use in fume hood with proper PPE. Have calcium gluconate gel available. Good for heat-treated aluminum alloys.,Store in plastic container. Label clearly. Extremely hazardous - follow safety protocols.,"[""Keller's Reagent"",""Al-NaOH Etchant""]","[""Keller's Reagent""]","[""ASTM E407""]",,,,,,,published,false,46,0,0,2025-12-05 00:10:11.649258+00,2025-12-05 00:10:11.649258+00
013a5009-bc49-485c-bce6-349d81dd6870,Carpenters,carpenters,"[""Carpenter's Reagent""]","[""stainless-steel"",""austenitic"",""duplex""]",material-specific,"8.5g FeCl₃, 2.4g CuCl₂, 122ml ethanol, 122ml HCl, 6ml HNO₃",Mixed,"[{""name"": ""Ferric Chloride"", ""role"": ""etching agent"", ""amount"": ""8.5g""}, {""name"": ""Cupric Chloride"", ""role"": ""etching agent"", ""amount"": ""2.4g""}, {""name"": ""Ethanol"", ""role"": ""solvent"", ""amount"": ""122ml""}, {""name"": ""Hydrochloric Acid"", ""role"": ""etching agent"", ""amount"": ""122ml""}, {""name"": ""Nitric Acid"", ""role"": ""oxidizer"", ""amount"": ""6ml""}]",immersion,15,,,,,,,"Grain boundaries, phases, sigma phase",Effective etchant for austenitic and duplex stainless steels. Reveals grain boundaries and secondary phases.,Grain boundaries dark; phases differentiated,"[""stainless-steel"",""austenitic-stainless-steel"",""duplex-stainless-steel""]","[""carbon-steel"",""aluminum""]",true,carpenters,,"Dissolve 8.5g FeCl₃ and 2.4g CuCl₂ in 122ml HCl. Add 122ml ethanol and 6ml HNO₃. Mix thoroughly.","Immerse sample for 5-30 seconds. Swab for more controlled etching. Rinse with water, then ethanol.",Multi-component etchant combining FeCl₃ and CuCl₂ attack with HNO₃ oxidation. More versatile than single-agent etchants for complex stainless microstructures.,Store in glass bottle. Shelf life: several weeks. Discard if precipitate forms.,"[""Adler's Etchant"",""Kalling's No. 2""]","[""Adler's Etchant""]","[""ASTM E407""]",,,,,,,published,false,19,0,0,2025-12-05 00:10:11.649258+00,2025-12-05 00:10:11.649258+00
09caa8fa-a2fa-41d7-a5ad-f70f73c8cb17,Ti-AP-16,ti-ap-16,"[""Titanium AP-16"",""Titanium Etchant AP-16""]","[""titanium"",""titanium-alloy""]",material-specific,"2ml HF, 5ml HNO₃, 100ml H₂O",2%,"[{""name"": ""Hydrofluoric Acid"", ""role"": ""etching agent"", ""amount"": ""2ml""}, {""name"": ""Nitric Acid"", ""role"": ""oxidizer"", ""amount"": ""5ml""}, {""name"": ""Water"", ""role"": ""solvent"", ""amount"": ""100ml""}]",swabbing,5,,,,,,,"Alpha-beta phases, grain boundaries",Alternative etchant for titanium alloys. Reveals alpha and beta phases.,"Alpha phase light, beta phase dark","[""titanium"",""titanium-alloy""]","[""steel"",""aluminum""]",true,ti-ap-16,,"CAUTION: HF is extremely hazardous. Mix 2ml HF, 5ml HNO₃, and 100ml water in plastic container. Use fume hood and proper PPE.",Swab sample for 5-15 seconds. Do not immerse. Rinse immediately with copious water.,HF causes severe burns. Always use in fume hood with proper PPE. Have calcium gluconate gel available.,Store in plastic container. Label clearly. Extremely hazardous - follow safety protocols.,"[""Kroll's Reagent""]","[""Kroll's Reagent""]","[""ASTM E407""]",,,,,,,published,false,33,0,0,2025-12-05 00:10:11.649258+00,2025-12-05 00:10:11.649258+00
0e917969-c227-410b-b19e-b3785eb328b4,10% Nital,10-percent-nital,"[""10% Nitric Acid"",""Nital 10%""]","[""high-carbon-steel"",""tool-steel"",""extremely-hard-steel""]",general-purpose,10% Nitric Acid in Ethanol,10%,"[{""name"": ""Nitric Acid"", ""role"": ""etching agent"", ""percentage"": 10}, {""name"": ""Ethanol"", ""role"": ""solvent"", ""percentage"": 90}]",immersion,25,,,,,,,"Grain boundaries, martensite, bainite, carbides",Most aggressive Nital concentration. For extremely hard materials that don't respond to lower concentrations.,Strong contrast between phases,"[""high-carbon-steel"",""tool-steel"",""extremely-hard-steel""]","[""stainless-steel"",""soft-materials""]",false,,,Mix 10 ml concentrated nitric acid with 90 ml ethanol. Add acid slowly to ethanol.,Immerse for 25-50 seconds. Most aggressive - use very short times initially and monitor closely. Rinse thoroughly.,Use only for extremely hard steels that don't respond to 8% Nital. Very aggressive - monitor etching time very carefully to avoid over-etching.,Store in dark glass bottle. Shelf life: 3-6 months.,"[""8% Nital"",""Vilella's Reagent""]","[""8% Nital""]","[""ASTM E407""]",,,,,,,published,false,14,0,0,2025-12-05 00:10:11.649258+00,2025-12-05 00:10:11.649258+00
10ea35d0-199b-4f0d-863e-a8601263fe1c,Glyceregia,glyceregia,"[""Glycerol-HCl-HNO₃""]","[""stainless-steel"",""nickel-alloy"",""high-temperature-alloy""]",material-specific,"15ml HCl, 5ml HNO₃, 10ml Glycerol",Mixed,"[{""name"": ""Hydrochloric Acid"", ""role"": ""etching agent"", ""amount"": ""15ml""}, {""name"": ""Nitric Acid"", ""role"": ""oxidizer"", ""amount"": ""5ml""}, {""name"": ""Glycerol"", ""role"": ""moderator"", ""amount"": ""10ml""}]",immersion,20,,,,,,,"Grain boundaries, phases, carbides, twins","Standard etchant for austenitic stainless steels and nickel alloys. The glycerol moderates the HCl-HNO₃ reaction rate, allowing controlled etching. Standard 3:2:1 ratio (HCl:glycerol:HNO₃) per ASTM E407.","Grain boundaries dark, twins visible","[""stainless-steel"",""nickel-alloy"",""inconel"",""hastelloy"",""superalloy""]","[""carbon-steel"",""aluminum""]",false,,,"Add 5ml HNO₃ and 15ml HCl to 10ml glycerol slowly with stirring. Add acids to glycerol — not the reverse. CAUTION: Exothermic reaction. Prepare fresh — shelf life only hours.","Immerse sample or swab for 10-30 seconds. Start with shorter times for nickel alloys. Rinse immediately with water, then ethanol. Dry with compressed air or warm air to avoid staining.","Prepare fresh for each use — decomposes within hours. Glycerol moderates the reaction. If insufficient contrast on Hastelloy, try Adler's Etchant. Use in fume hood.",Store component chemicals separately. Prepare fresh when needed — do not store mixed solution.,"[""Adler's Etchant"",""Aqua Regia""]","[""Aqua Regia""]","[""ASTM E407""]",,,,,,,published,true,6,0,0,2025-12-05 00:10:11.649258+00,2025-12-05 00:10:11.649258+00
11ef33c0-57f8-46c3-8847-7cd7cd8da92c,Sodium Metabisulfite (10%),sodium-metabisulfite-10-percent,"[""Na₂S₂O₅ 10%"",""Sodium Metabisulfite""]","[""steel"",""prior-austenite"",""grain-boundaries""]",specialty,"10g Na₂S₂O₅, 100ml H₂O",10%,"[{""name"": ""Sodium Metabisulfite"", ""role"": ""etching agent"", ""amount"": ""10g""}, {""name"": ""Water"", ""role"": ""solvent"", ""amount"": ""100ml""}]",immersion,30,,,,,,,Prior austenite grain boundaries,For revealing prior austenite grain boundaries in quenched and tempered steels. Important for heat treatment analysis.,Prior austenite boundaries dark,"[""quenched-steel"",""tempered-steel"",""alloy-steel""]","[""stainless-steel"",""aluminum""]",false,,,Dissolve 10g sodium metabisulfite (Na₂S₂O₅) in 100ml distilled water. Prepare fresh solution.,Immerse sample for 30-60 seconds. Swab gently if needed. Rinse with water.,Prepare fresh for best results. Solution decomposes over time. Important for heat treatment analysis.,Store in dark bottle. Prepare fresh when needed. Shelf life: 1-2 days.,"[""2% Nital"",""3% Nital""]","[""2% Nital""]","[""ASTM E407""]",,,,,,,published,false,44,0,0,2025-12-05 00:10:11.649258+00,2025-12-05 00:10:11.649258+00
12c437c8-f92b-486d-8469-b4f2f161ee64,Weck's Etch,wecks-etch,"[""Weck's Reagent""]","[""stainless-steel"",""duplex"",""color-etching""]",material-specific,"100ml H₂O, 4g KMnO₄, 4g NaOH",4% each,"[{""name"": ""Water"", ""role"": ""solvent"", ""amount"": ""100ml""}, {""name"": ""Potassium Permanganate"", ""role"": ""etching agent"", ""amount"": ""4g""}, {""name"": ""Sodium Hydroxide"", ""role"": ""etching agent"", ""amount"": ""4g""}]",immersion,60,60,,,,,,"Phases, grain boundaries",Color etchant for stainless steels. Produces colored phases.,Colored phases,"[""stainless-steel"",""duplex-stainless-steel""]","[""carbon-steel"",""aluminum""]",true,wecks,,Dissolve 4g KMnO₄ and 4g NaOH in 100ml water. Heat to 60°C.,Immerse sample at 60°C for 60-120 seconds. Rinse with water.,Use hot for best results. Produces color contrast.,Store in glass bottle. Prepare fresh when needed.,"[""Kalling's No. 2""]","[""Kalling's No. 2""]","[""ASTM E407""]",,,,,,,published,false,15,0,0,2025-12-05 00:10:11.649258+00,2025-12-05 00:10:11.649258+00
175b0dcc-e139-438d-8cb8-d81ec5cdb25a,ASTM No. 30,astm-no-30,"[""ASTM E407 No. 30""]","[""stainless-steel"",""nickel-alloy""]",material-specific,"100ml HCl, 100ml Ethanol, 5g CuCl₂",Mixed,"[{""name"": ""Hydrochloric Acid"", ""role"": ""etching agent"", ""amount"": ""100ml""}, {""name"": ""Ethanol"", ""role"": ""solvent"", ""amount"": ""100ml""}, {""name"": ""Copper Chloride"", ""role"": ""etching agent"", ""amount"": ""5g""}]",immersion,30,,,,,,,"Grain boundaries, phases",ASTM standard etchant for stainless steels and nickel alloys.,Grain boundaries dark,"[""stainless-steel"",""nickel-alloy""]","[""carbon-steel"",""aluminum""]",true,astm-no-30,,"Dissolve 5g CuCl₂ in 100ml HCl, then add 100ml ethanol.",Immerse sample for 30-60 seconds. Rinse with water and ethanol.,Standard ASTM etchant formulation.,Store in glass bottle. Shelf life: several months.,"[""Kalling's No. 2""]","[""Kalling's No. 2""]","[""ASTM E407""]",,,,,,,published,false,17,0,0,2025-12-05 00:10:11.649258+00,2025-12-05 00:10:11.649258+00
1a77e8d3-2206-4bdf-a946-08c6db93edcc,Keller's Reagent,kellers-reagent,"[""Keller's Etchant""]","[""aluminum"",""aluminum-alloy"",""magnesium""]",material-specific,"2ml HF, 3ml HCl, 5ml HNO₃, 190ml H₂O",Mixed,"[{""name"": ""Hydrofluoric Acid"", ""role"": ""etching agent"", ""amount"": ""2ml""}, {""name"": ""Hydrochloric Acid"", ""role"": ""etching agent"", ""amount"": ""3ml""}, {""name"": ""Nitric Acid"", ""role"": ""oxidizer"", ""amount"": ""5ml""}, {""name"": ""Water"", ""role"": ""solvent"", ""amount"": ""190ml""}]",immersion,15,,,,,,,"Grain boundaries, precipitates, phases",Standard etchant for aluminum alloys. Reveals grain structure and second phases.,Grain boundaries dark,"[""aluminum"",""aluminum-alloy"",""magnesium""]","[""steel"",""titanium""]",true,kellers,,"CAUTION: HF is extremely hazardous. Mix 2ml HF, 3ml HCl, 5ml HNO₃, and 190ml water in plastic container.",Immerse sample for 10-20 seconds. Swab if needed. Rinse immediately with copious water.,HF causes severe burns. Use in fume hood with proper PPE. Have calcium gluconate gel available.,Store in plastic container. Label clearly. Extremely hazardous.,"[""0.5% HF"",""Modified Keller's""]","[""0.5% HF""]","[""ASTM E407""]",,,,,,,published,true,8,0,0,2025-12-05 00:10:11.649258+00,2025-12-05 00:10:11.649258+00
20789558-2dbc-455a-99cc-284a14aaceb1,Barker's Reagent (Electrolytic),barkers-reagent-electrolytic,"[""Barker's Etchant"",""Electrolytic Barker's""]","[""aluminum"",""aluminum-alloy"",""electrolytic""]",electrolytic,"5ml HBF₄ (48%), 200ml H₂O",2.5%,"[{""name"": ""Fluoboric Acid"", ""role"": ""electrolyte"", ""amount"": ""5ml""}, {""name"": ""Water"", ""role"": ""solvent"", ""amount"": ""200ml""}]",electrolytic,60,,20,0.2,,,,"Grain boundaries, interference colors","Electrolytic anodizing etchant for aluminum. Produces orientation-dependent interference colors for grain structure examination under polarized light. The gold standard for grain size measurement in aluminum alloys.","Grain boundaries dark, orientation-dependent interference colors under polarized light","[""aluminum"",""aluminum-alloy""]","[""steel"",""titanium""]",false,,,"Mix 5ml concentrated fluoboric acid (HBF₄, 48%) in 200ml distilled water. Use plastic container. Prepare in fume hood.","Use as electrolyte with aluminum or stainless steel cathode. Sample is anode. Apply 20-30V DC for 40-80 seconds at ~0.2 A/cm². View under polarized light with sensitive tint filter for best results. Rinse thoroughly with water after etching.","Produces orientation-dependent interference colors for grain structure under polarized light. Ensure good electrical contact. If no etching, check connections and increase voltage. If surface is uniformly dark, reduce voltage or time.",Store in plastic container. Label clearly as corrosive. Shelf life: several months.,"[""Keller's Reagent"",""Tucker's Reagent""]","[""Keller's Reagent""]","[""ASTM E407""]",,,,,,,published,false,47,0,0,2025-12-05 00:10:11.649258+00,2025-12-05 00:10:11.649258+00
25c33f68-82a3-4572-9784-74fed8ac1698,Beraha's Reagent,berahas-reagent,"[""Beraha's Etchant""]","[""stainless-steel"",""color-etching""]",material-specific,"20g Na₂S₂O₅, 100ml H₂O, 1g K₂S₂O₅",Mixed,"[{""name"": ""Sodium Thiosulfate"", ""role"": ""etching agent"", ""amount"": ""20g""}, {""name"": ""Water"", ""role"": ""solvent"", ""amount"": ""100ml""}, {""name"": ""Potassium Metabisulfite"", ""role"": ""etching agent"", ""amount"": ""1g""}]",immersion,60,,,,,,,"Phases, grain boundaries",Color etchant for stainless steels. Produces colored phases.,Colored phases,"[""stainless-steel"",""duplex-stainless-steel""]","[""carbon-steel"",""aluminum""]",true,berahas,,Dissolve 20g Na₂S₂O₅ and 1g K₂S₂O₅ in 100ml water.,Immerse sample for 60-120 seconds. Rinse with water.,Produces color contrast between phases.,Store in glass bottle. Shelf life: several weeks.,"[""Klemm's Reagent"",""Weck's Etch""]","[""Klemm's Reagent""]","[""ASTM E407""]",,,,,,,published,false,27,0,0,2025-12-05 00:10:11.649258+00,2025-12-05 00:10:11.649258+00
306ce508-3309-4669-9d81-9f87de363d22,Aqua Regia,aqua-regia,"[""Royal Water"",""Nitrohydrochloric Acid""]","[""stainless-steel"",""nickel-alloy"",""platinum"",""gold""]",material-specific,"75ml HCl, 25ml HNO₃",Mixed,"[{""name"": ""Hydrochloric Acid"", ""role"": ""etching agent"", ""amount"": ""75ml""}, {""name"": ""Nitric Acid"", ""role"": ""oxidizer"", ""amount"": ""25ml""}]",immersion,30,,,,,,,"Grain boundaries, phases, carbides",Very aggressive etchant for noble metals and some stainless steels. Excellent for revealing grain structure in difficult-to-etch materials.,"Grain boundaries dark, phases visible","[""stainless-steel"",""nickel-alloy"",""platinum"",""gold"",""palladium""]","[""carbon-steel"",""aluminum"",""titanium""]",false,,,CAUTION: Extremely corrosive and produces toxic fumes. Mix 75ml concentrated HCl with 25ml concentrated HNO₃. Always add nitric acid to hydrochloric acid slowly. Prepare fresh - decomposes rapidly. Use in fume hood.,"Immerse sample for 30-60 seconds. Swab gently if needed. Rinse immediately with copious water, then ethanol. Very aggressive - monitor closely.",Produces toxic chlorine and nitrosyl chloride fumes. Use only in fume hood with proper PPE. Prepare fresh for each use as it decomposes quickly. Very aggressive - may over-etch if left too long.,Cannot be stored - prepare fresh for each use. Decomposes within hours. Store component acids separately.,"[""Glyceregia"",""Kalling's No. 2""]","[""Glyceregia""]","[""ASTM E407""]",,,,,,,published,true,34,0,0,2025-12-05 00:10:11.649258+00,2025-12-05 00:10:11.649258+00
44424dfc-d413-4355-ac7c-792071cf4d51,8% Nital,8-percent-nital,"[""8% Nitric Acid"",""Nital 8%""]","[""high-carbon-steel"",""tool-steel"",""very-hard-steel""]",general-purpose,8% Nitric Acid in Ethanol,8%,"[{""name"": ""Nitric Acid"", ""role"": ""etching agent"", ""percentage"": 8}, {""name"": ""Ethanol"", ""role"": ""solvent"", ""percentage"": 92}]",immersion,20,,,,,,,"Grain boundaries, martensite, bainite, carbides",Very aggressive etchant for very hard steels. Use with caution.,Strong contrast between phases,"[""high-carbon-steel"",""tool-steel"",""very-hard-steel""]","[""stainless-steel"",""soft-materials""]",true,nital-8,,Mix 8 ml concentrated nitric acid with 92 ml ethanol. Add acid slowly to ethanol.,Immerse for 20-40 seconds. Very aggressive - use shorter times initially. Rinse thoroughly.,Use for extremely hard steels. Monitor etching time very carefully.,Store in dark glass bottle. Shelf life: 3-6 months.,"[""5% Nital"",""10% Nital"",""Vilella's Reagent""]","[""5% Nital"",""10% Nital""]","[""ASTM E407""]",,,,,,,published,false,13,0,0,2025-12-05 00:10:11.649258+00,2025-12-05 00:10:11.649258+00
4781884d-9f6a-4d72-af83-90a3142cdd69,ASTM No. 97,astm-no-97,"[""ASTM E407 No. 97"",""ASTM 97""]","[""nickel-alloy"",""electrolytic"",""fe-cr-ni""]",electrolytic,"187.5g KOH, 245ml H₂O",43%,"[{""name"": ""Potassium Hydroxide"", ""role"": ""etching agent"", ""amount"": ""187.5g""}, {""name"": ""Water"", ""role"": ""solvent"", ""amount"": ""245ml""}]",electrolytic,10,,2.5,0.1,,,,"Grain boundaries, phases",Electrolytic etchant for Fe-Cr-Ni alloys. Provides controlled etching for nickel alloys and stainless steels.,Grain boundaries dark,"[""nickel-alloy"",""stainless-steel"",""fe-cr-ni-alloy""]","[""carbon-steel"",""aluminum""]",false,,,CAUTION: KOH is caustic. Dissolve 187.5g potassium hydroxide (KOH) in 245ml distilled water. Use in fume hood with proper PPE.,"Use as electrolyte with stainless steel cathode. Apply 2.5V DC, 0.1 A/cm² current density for 5-15 seconds. Sample is anode. Rinse thoroughly with water after etching.","CAUTION: Caustic - use proper PPE. Provides controlled etching. Ensure good electrical contact. If no etching, check connections.",Store in plastic container. Label clearly as caustic. Shelf life: several months.,"[""10% Oxalic Acid (Electrolytic)"",""Chromic Acid (Electrolytic)""]","[""10% Oxalic Acid (Electrolytic)""]","[""ASTM E407""]",,,,,,,published,false,49,0,0,2025-12-05 00:10:11.649258+00,2025-12-05 00:10:11.649258+00
4be1ea49-3a2f-4769-933e-87a9c9b80158,Nickel Etchant,nickel-etchant,"[""Nickel Reagent""]","[""nickel"",""nickel-alloy"",""monel""]",material-specific,"100ml HCl, 100ml Ethanol, 5g CuCl₂",Mixed,"[{""name"": ""Hydrochloric Acid"", ""role"": ""etching agent"", ""amount"": ""100ml""}, {""name"": ""Ethanol"", ""role"": ""solvent"", ""amount"": ""100ml""}, {""name"": ""Copper Chloride"", ""role"": ""etching agent"", ""amount"": ""5g""}]",immersion,30,,,,,,,"Grain boundaries, phases",For nickel and nickel alloys. Reveals grain structure.,Grain boundaries dark,"[""nickel"",""nickel-alloy"",""monel""]","[""carbon-steel"",""aluminum""]",true,nickel,,"Dissolve 5g CuCl₂ in 100ml HCl, then add 100ml ethanol.",Immerse sample for 30-60 seconds. May require swabbing. Rinse with water and ethanol.,Works well on nickel and nickel-based alloys.,Store in glass bottle. Shelf life: several months.,"[""Inconel Etchant"",""Glyceregia""]","[""Inconel Etchant""]","[""ASTM E407""]",,,,,,,published,false,31,0,0,2025-12-05 00:10:11.649258+00,2025-12-05 00:10:11.649258+00
57710c25-8266-4e5f-b131-a71c33f361e4,4% Picral,4-percent-picral,"[""Picric Acid"",""Picral 4%""]","[""carbon-steel"",""cast-iron"",""pearlite""]",general-purpose,4% Picric Acid in Ethanol,4%,"[{""name"": ""Picric Acid"", ""role"": ""etching agent"", ""percentage"": 4}, {""name"": ""Ethanol"", ""role"": ""solvent"", ""percentage"": 96}]",immersion,10,,,,,,,"Pearlite, cementite, grain boundaries",Excellent for revealing pearlite structure. Does not attack ferrite grain boundaries as strongly as Nital.,"Pearlite darkens, ferrite remains light","[""carbon-steel"",""cast-iron"",""pearlitic-steel""]","[""stainless-steel"",""martensitic-steel""]",true,picral,,Mix 4 g picric acid with 100 ml ethanol. Warm slightly to dissolve. CAUTION: Picric acid is explosive when dry.,Immerse sample for 10-20 seconds. Swab if needed. Rinse with ethanol then water.,Keep picric acid wet at all times. Never allow to dry. Store in water-wet condition.,"Store in dark bottle, keep wet. Add water if solution dries. Extremely hazardous when dry.","[""2% Nital"",""3% Nital""]","[""2% Nital""]","[""ASTM E407""]",,,,,,,published,true,5,0,0,2025-12-05 00:10:11.649258+00,2025-12-05 00:10:11.649258+00
5b737305-88cb-4cc6-9ec6-9f6d0ce75cf6,Oberhoffer's Reagent,oberhoffers-reagent,"[""Oberhoffer's Etchant""]","[""steel"",""iron"",""cast-iron""]",material-specific,"50g CuCl₂, 150ml HCl, 150ml Ethanol, 50ml H₂O",Mixed,"[{""name"": ""Copper Chloride"", ""role"": ""etching agent"", ""amount"": ""50g""}, {""name"": ""Hydrochloric Acid"", ""role"": ""solvent"", ""amount"": ""150ml""}, {""name"": ""Ethanol"", ""role"": ""solvent"", ""amount"": ""150ml""}, {""name"": ""Water"", ""role"": ""solvent"", ""amount"": ""50ml""}]",immersion,30,,,,,,,"Phosphorus segregation, grain boundaries",Color etchant for revealing phosphorus segregation in steels and cast irons.,Colored phases,"[""steel"",""iron"",""cast-iron""]","[""stainless-steel"",""aluminum""]",true,oberhoffers,,"Dissolve 50g CuCl₂ in 150ml HCl, then add 150ml ethanol and 50ml water.",Immerse sample for 30-60 seconds. Rinse with water and ethanol.,Produces color contrast showing phosphorus segregation.,Store in glass bottle. Shelf life: several months.,"[""2% Nital"",""4% Picral""]","[""2% Nital""]","[""ASTM E407""]",,,,,,,published,false,32,0,0,2025-12-05 00:10:11.649258+00,2025-12-05 00:10:11.649258+00
63c77edc-3ade-40ef-8f77-136000e41f57,Waterless Kallings,waterless-kallings,"[""Waterless Kalling's""]","[""stainless-steel"",""austenitic""]",material-specific,"5g CuCl₂, 100ml HCl, 100ml Ethanol",Saturated,"[{""name"": ""Copper Chloride"", ""role"": ""etching agent"", ""amount"": ""5g""}, {""name"": ""Hydrochloric Acid"", ""role"": ""solvent"", ""amount"": ""100ml""}, {""name"": ""Ethanol"", ""role"": ""solvent"", ""amount"": ""100ml""}]",immersion,30,,,,,,,"Austenite grain boundaries, sigma phase",Waterless version of Kalling's reagent. Similar results to Kalling's No. 2.,Grain boundaries dark,"[""stainless-steel"",""austenitic-stainless-steel""]","[""ferritic-steel"",""martensitic-steel""]",true,waterless-kallings,,"Dissolve 5g CuCl₂ in 100ml HCl, then add 100ml ethanol. No water added.",Immerse sample for 30-60 seconds. Rinse with water and ethanol.,Waterless formulation of Kalling's reagent.,Store in glass bottle. Shelf life: several months.,"[""Kalling's No. 2""]","[""Kalling's No. 2""]","[""ASTM E407""]",,,,,,,published,false,25,0,0,2025-12-05 00:10:11.649258+00,2025-12-05 00:10:11.649258+00
647cbcf0-6878-474d-8ec2-4a99583c8325,0.5% HF,0-5-percent-hf,"[""0.5% Hydrofluoric Acid"",""HF 0.5%""]","[""aluminum"",""aluminum-alloy""]",material-specific,"0.5ml HF, 99.5ml H₂O",0.5%,"[{""name"": ""Hydrofluoric Acid"", ""role"": ""etching agent"", ""amount"": ""0.5ml""}, {""name"": ""Water"", ""role"": ""solvent"", ""amount"": ""99.5ml""}]",immersion,10,,,,,,,"Grain boundaries, precipitates",Light etchant for aluminum alloys. Less aggressive than Keller's reagent. Good for sensitive microstructures.,Grain boundaries dark,"[""aluminum"",""aluminum-alloy""]","[""steel"",""titanium""]",false,,,CAUTION: HF is extremely hazardous. Mix 0.5ml HF with 99.5ml water in plastic container. Use fume hood and proper PPE.,Immerse sample for 10-20 seconds. Swab if needed. Rinse immediately with copious water.,HF causes severe burns. Use in fume hood with proper PPE. Have calcium gluconate gel available. Less aggressive than Keller's reagent.,Store in plastic container. Label clearly. Extremely hazardous.,"[""Keller's Reagent"",""Al-NaOH Etchant""]","[""Keller's Reagent""]","[""ASTM E407""]",,,,,,,published,false,42,0,0,2025-12-05 00:10:11.649258+00,2025-12-05 00:10:11.649258+00
64b50dd6-4bf2-4074-b771-13fad46326bb,4% Nital,4-percent-nital,"[""4% Nitric Acid"",""Nital 4%""]","[""carbon-steel"",""medium-carbon-steel"",""general-purpose""]",general-purpose,4% Nitric Acid in Ethanol,4%,"[{""name"": ""Nitric Acid"", ""role"": ""etching agent"", ""percentage"": 4}, {""name"": ""Ethanol"", ""role"": ""solvent"", ""percentage"": 96}]",immersion,12,,,,,,,"Grain boundaries, ferrite, pearlite, bainite",Intermediate concentration between 3% and 5% Nital. Good balance for medium-hardness steels.,"Pearlite darkens, ferrite remains light","[""medium-carbon-steel"",""high-carbon-steel"",""tool-steel""]","[""stainless-steel"",""aluminum""]",false,,,Mix 4 ml concentrated nitric acid (HNO₃) with 96 ml ethanol. Add acid to ethanol slowly with stirring.,Immerse sample for 12-25 seconds. Intermediate aggressiveness between 3% and 5% Nital. Rinse with ethanol then water.,Good intermediate option when 3% is too light and 5% is too aggressive. Adjust time based on material response.,Store in dark glass bottle. Shelf life: 3-6 months.,"[""3% Nital"",""5% Nital""]","[""3% Nital"",""5% Nital""]","[""ASTM E407""]",,,,,,,published,false,3,0,0,2025-12-05 00:10:11.649258+00,2025-12-05 00:10:11.649258+00
6fdb8038-a017-47bf-b067-92e4be3f6d63,10% Phosphoric Acid (Electrolytic),10-percent-phosphoric-acid-electrolytic,"[""Phosphoric Acid Electrolytic"",""Electrolytic Phosphoric""]","[""stainless-steel"",""electrolytic"",""austenitic""]",electrolytic,"10ml H₃PO₄, 100ml H₂O",10%,"[{""name"": ""Phosphoric Acid"", ""role"": ""etching agent"", ""amount"": ""10ml""}, {""name"": ""Water"", ""role"": ""solvent"", ""amount"": ""100ml""}]",electrolytic,30,,6,0.1,,,,"Grain boundaries, phases",Electrolytic etchant for stainless steels. Good for revealing grain structure without over-etching.,Grain boundaries dark,"[""stainless-steel"",""austenitic-stainless-steel""]","[""carbon-steel"",""aluminum""]",false,,,Mix 10ml concentrated phosphoric acid (H₃PO₄) with 100ml distilled water. Use as electrolyte in electrolytic etching setup.,"Use as electrolyte with stainless steel cathode. Apply 6V DC, 0.1 A/cm² current density for 30-60 seconds. Sample is anode. Rinse with water after etching.","Ensure good electrical contact. If no etching occurs, check connections and increase voltage slightly. If over-etching, reduce time or current density.",Store in glass bottle. Shelf life: several months. Solution is stable.,"[""10% Oxalic Acid (Electrolytic)"",""Chromic Acid (Electrolytic)""]","[""10% Oxalic Acid (Electrolytic)""]","[""ASTM E407""]",,,,,,,published,false,39,0,0,2025-12-05 00:10:11.649258+00,2025-12-05 00:10:11.649258+00
76721d46-c2e2-4589-a932-ac76388a3b3c,Kalling's No. 2,kallings-no-2,"[""Kallings 2"",""Kalling's Reagent""]","[""stainless-steel"",""austenitic"",""chromium-steel""]",material-specific,"5g CuCl₂, 100ml HCl, 100ml Ethanol",Saturated,"[{""name"": ""Copper Chloride"", ""role"": ""etching agent"", ""amount"": ""5g""}, {""name"": ""Hydrochloric Acid"", ""role"": ""solvent"", ""amount"": ""100ml""}, {""name"": ""Ethanol"", ""role"": ""solvent"", ""amount"": ""100ml""}]",immersion,30,,,,,,,"Austenite grain boundaries, sigma phase, carbides",Excellent for austenitic stainless steels. Reveals grain boundaries and secondary phases.,"Grain boundaries dark, matrix light","[""stainless-steel"",""austenitic-stainless-steel"",""chromium-nickel-steel""]","[""ferritic-steel"",""martensitic-steel""]",true,kallings-no-2,,"Dissolve 5g CuCl₂ in 100ml HCl, then add 100ml ethanol. Mix thoroughly.",Immerse sample for 30-60 seconds. May require swabbing. Rinse with water and ethanol.,Works best on austenitic stainless steels. May over-etch if left too long.,Store in glass bottle. Shelf life: several months.,"[""Glyceregia"",""Aqua Regia""]","[""Kallings No. 1""]","[""ASTM E407""]",,,,,,,published,true,5,0,0,2025-12-05 00:10:11.649258+00,2025-12-05 00:10:11.649258+00
78a6c3e9-338d-4333-bd0e-f1735dbe85d9,Kroll's Reagent,krolls-reagent,"[""Kroll's Etchant""]","[""titanium"",""titanium-alloy"",""zirconium""]",material-specific,"2-3ml HF, 5ml HNO₃, 100ml H₂O",2-3%,"[{""name"": ""Hydrofluoric Acid"", ""role"": ""etching agent"", ""amount"": ""2-3ml""}, {""name"": ""Nitric Acid"", ""role"": ""oxidizer"", ""amount"": ""5ml""}, {""name"": ""Water"", ""role"": ""solvent"", ""amount"": ""100ml""}]",swabbing,5,,,,,,,"Alpha-beta phases, grain boundaries",Standard etchant for titanium alloys. Reveals alpha and beta phases with good contrast.,"Alpha phase light, beta phase dark","[""titanium"",""titanium-alloy"",""zirconium""]","[""steel"",""aluminum""]",true,krolls,,"CAUTION: HF is extremely hazardous. Mix 2-3ml HF, 5ml HNO₃, and 100ml water in plastic container. Use fume hood and proper PPE.",Swab sample for 5-15 seconds. Do not immerse. Rinse immediately with copious water.,HF causes severe burns. Always use in fume hood with proper PPE. Have calcium gluconate gel available.,Store in plastic container. Label clearly. Extremely hazardous - follow safety protocols.,"[""Modified Kroll's"",""Keller's Reagent""]","[""Modified Kroll's""]","[""ASTM E407""]",,,,,,,published,true,7,0,0,2025-12-05 00:10:11.649258+00,2025-12-05 00:10:11.649258+00
78b4a818-6d5c-45cf-9c24-66ee1620717e,Fry's Reagent,frys-reagent,"[""Fry's Etchant""]","[""stainless-steel"",""chromium-steel""]",material-specific,"100ml HCl, 100ml Ethanol, 5g CuCl₂",Mixed,"[{""name"": ""Hydrochloric Acid"", ""role"": ""etching agent"", ""amount"": ""100ml""}, {""name"": ""Ethanol"", ""role"": ""solvent"", ""amount"": ""100ml""}, {""name"": ""Copper Chloride"", ""role"": ""etching agent"", ""amount"": ""5g""}]",immersion,30,,,,,,,"Grain boundaries, phases",For chromium steels and stainless steels.,Grain boundaries dark,"[""stainless-steel"",""chromium-steel""]","[""carbon-steel"",""aluminum""]",true,frys,,"Dissolve 5g CuCl₂ in 100ml HCl, then add 100ml ethanol.",Immerse sample for 30-60 seconds. Rinse with water and ethanol.,Similar formulation to other copper chloride etchants.,Store in glass bottle. Shelf life: several months.,"[""Kalling's No. 2"",""Adler's Etchant""]","[""Kalling's No. 2""]","[""ASTM E407""]",,,,,,,published,false,30,0,0,2025-12-05 00:10:11.649258+00,2025-12-05 00:10:11.649258+00
7a1a3f7a-3a4a-4daa-b3f2-d26217f8b790,Copper No. 2,copper-no-2,"[""Copper Etchant No. 2"",""Acidified Ferric Chloride""]","[""copper"",""copper-alloy"",""bronze"",""brass""]",material-specific,"10g FeCl₃, 50ml HCl, 200ml H₂O",Mixed,"[{""name"": ""Ferric Chloride"", ""role"": ""etching agent"", ""amount"": ""10g""}, {""name"": ""Hydrochloric Acid"", ""role"": ""acid activator"", ""amount"": ""50ml""}, {""name"": ""Water"", ""role"": ""solvent"", ""amount"": ""200ml""}]",immersion,15,,,,,,,"Grain boundaries, phases, alpha-beta structure","Standard ferric chloride etchant for copper alloys per ASTM E407 (#38). Excellent for brasses, bronzes, aluminum brass, and multiphase copper alloys. Reveals alpha phases clearly. Good for aluminum bronzes and tin bronzes where phase differentiation is needed.",Grain boundaries dark,"[""copper"",""copper-alloy"",""bronze"",""brass"",""aluminum-bronze""]","[""steel"",""aluminum""]",true,copper-no-2,,"Dissolve 10g FeCl₃ in 50ml HCl, then add 200ml distilled water. Stir until fully dissolved.","Immerse sample for 10-30 seconds, or swab for more controlled results. Rinse immediately with water, then ethanol. Dry with compressed air. For multiphase alloys (aluminum bronze, tin bronze), swab etching gives better control of phase contrast.",May stain sample if over-etched. If staining occurs reduce time. FeCl₃ concentration can be reduced to 5g for a gentler etch on sensitive alloys.,Store in glass bottle. Shelf life: several months. Solution remains stable.,"[""Copper No. 1"",""Ammonium Persulfate""]","[""Ferric Chloride""]","[""ASTM E407""]",,,,,,,published,false,29,0,0,2025-12-05 00:10:11.649258+00,2025-12-05 00:10:11.649258+00
80bff9e1-980b-443b-b147-927154a0e6be,5% Nital,5-percent-nital,"[""5% Nitric Acid"",""Nital 5%""]","[""high-carbon-steel"",""tool-steel"",""hard-steel""]",general-purpose,5% Nitric Acid in Ethanol,5%,"[{""name"": ""Nitric Acid"", ""role"": ""etching agent"", ""percentage"": 5}, {""name"": ""Ethanol"", ""role"": ""solvent"", ""percentage"": 95}]",immersion,15,,,,,,,"Grain boundaries, martensite, bainite, carbides",More aggressive etchant for hard steels. Reveals martensite and bainite structures clearly.,Strong contrast between phases,"[""high-carbon-steel"",""tool-steel"",""hardened-steel""]","[""stainless-steel"",""soft-materials""]",true,nital-5,,Mix 5 ml concentrated nitric acid with 95 ml ethanol. Add acid slowly to ethanol.,Immerse for 15-30 seconds. More aggressive - use shorter times initially. Rinse thoroughly.,Use for very hard steels. Monitor etching time carefully to avoid over-etching.,Store in dark glass bottle. Shelf life: 3-6 months.,"[""4% Nital"",""Vilella's Reagent""]","[""4% Nital"",""8% Nital""]","[""ASTM E407""]",,,,,,,published,false,4,0,0,2025-12-05 00:10:11.649258+00,2025-12-05 00:10:11.649258+00
8622b8c8-4242-4a88-84b4-bbb1da6a1e4d,CU-PASS-SOL,cu-pass-sol,"[""Copper Passivation Solution""]","[""copper"",""copper-alloy"",""brass""]",material-specific,"CuSO₄, NH₄OH, H₂O",Mixed,"[{""name"": ""Copper Sulfate"", ""role"": ""etching agent""}, {""name"": ""Ammonium Hydroxide"", ""role"": ""solvent""}, {""name"": ""Water"", ""role"": ""solvent""}]",immersion,30,,,,,,,"Grain boundaries, twinning",For copper and copper alloys. Reveals grain structure.,Grain boundaries dark,"[""copper"",""copper-alloy"",""brass""]","[""steel"",""aluminum""]",true,cu-pass-sol,,Mix copper sulfate solution with ammonium hydroxide and water.,Immerse sample for 30-60 seconds. Rinse with water.,Good alternative to ammonium persulfate for copper.,Store in glass bottle. Shelf life: several weeks.,"[""Ammonium Persulfate""]","[""Ammonium Persulfate""]","[""ASTM E407""]",,,,,,,published,false,16,0,0,2025-12-05 00:10:11.649258+00,2025-12-05 00:10:11.649258+00
8a7a46ee-7749-4119-8a3a-06fed1dda163,Dichromate Etchant,dichromate-etchant,"[""Potassium Dichromate"",""K₂Cr₂O₇ Etchant""]","[""copper"",""copper-alloy"",""brass"",""bronze"",""tin-bronze""]",material-specific,"2g K₂Cr₂O₇, 8ml H₂SO₄, 4ml saturated NaCl, 100ml H₂O",2%,"[{""name"": ""Potassium Dichromate"", ""role"": ""oxidizing agent"", ""amount"": ""2g""}, {""name"": ""Sulfuric Acid"", ""role"": ""acid activator"", ""amount"": ""8ml""}, {""name"": ""Sodium Chloride (saturated)"", ""role"": ""pitting agent"", ""amount"": ""4ml""}, {""name"": ""Water"", ""role"": ""solvent"", ""amount"": ""100ml""}]",immersion,30,,,,,,,"Grain boundaries, phases, tin-rich phases","Standard dichromate etchant for copper alloys per ASTM E407 (#37). Particularly effective for bronzes, especially tin bronzes (Cu-Sn) where it reveals the tin-rich delta phase. Also good for aluminum bronzes and general brass alloys. Produces controlled etching with good grain boundary contrast.",Grain boundaries dark,"[""copper"",""copper-alloy"",""brass"",""bronze"",""tin-bronze"",""aluminum-bronze""]","[""steel"",""aluminum""]",true,dichromate,,"Dissolve 2g K₂Cr₂O₇ in 100ml distilled water. Add 4ml saturated NaCl solution, then slowly add 8ml H₂SO₄ with stirring. CAUTION: Dichromate is a known carcinogen - use full PPE and fume hood.","Immerse sample for 20-60 seconds. Swab etching also effective. Rinse thoroughly with water, then ethanol. Dry with compressed air. Particularly good for revealing delta phase in tin bronzes and kappa phase in aluminum bronzes.",CAUTION: Potassium dichromate is a known carcinogen and environmental hazard. Handle with full PPE including nitrile gloves and safety glasses. Dispose of waste according to local hazardous waste regulations.,Store in glass bottle. Label as hazardous. Shelf life: several months. Keep away from reducing agents.,"[""Copper No. 2"",""Ammonium Persulfate""]","[""Copper No. 2""]","[""ASTM E407""]",,,,,,,published,false,20,0,0,2025-12-05 00:10:11.649258+00,2025-12-05 00:10:11.649258+00
8ec93bed-d826-4649-a956-5745fcb0a864,ASTM No. 3,astm-no-3,"[""ASTM E407 No. 3""]","[""general-purpose"",""carbon-steel"",""cast-iron""]",general-purpose,"100ml Ethanol, 5ml HNO₃",5%,"[{""name"": ""Ethanol"", ""role"": ""solvent"", ""amount"": ""100ml""}, {""name"": ""Nitric Acid"", ""role"": ""etching agent"", ""amount"": ""5ml""}]",immersion,15,,,,,,,"Grain boundaries, ferrite, pearlite",ASTM standard etchant. Similar to 5% Nital. Good for carbon and low-alloy steels.,"Pearlite darkens, ferrite remains light","[""carbon-steel"",""low-alloy-steel"",""cast-iron""]","[""stainless-steel"",""aluminum""]",false,,,Mix 5ml concentrated nitric acid (HNO₃) with 100ml ethanol. Add acid to ethanol slowly with stirring.,Immerse sample for 15-30 seconds. Rinse with ethanol then water. Dry with compressed air.,"Similar to 5% Nital. If over-etched, reduce time. If under-etched, increase time slightly.",Store in dark glass bottle with tight cap. Keep away from light. Shelf life: 3-6 months if properly stored.,"[""5% Nital"",""3% Nital""]","[""5% Nital"",""3% Nital""]","[""ASTM E407""]",,,,,,,published,false,43,0,0,2025-12-05 00:10:11.649258+00,2025-12-05 00:10:11.649258+00
91e0f566-c4af-470c-8f92-521b3c5c6c6e,Klemm's II Reagent,klemms-ii-reagent,"[""Klemm's 2"",""Klemm's Etchant"",""Klemm's Reagent""]","[""carbon-steel"",""cast-iron"",""stainless-steel"",""tint-etchant"",""color-etching""]",general-purpose,"50ml saturated Na₂S₂O₃ solution, 5g K₂S₂O₅",Mixed,"[{""name"": ""Sodium Thiosulfate (saturated solution)"", ""role"": ""film-forming agent"", ""amount"": ""50ml""}, {""name"": ""Potassium Metabisulfite"", ""role"": ""tint-producing agent"", ""amount"": ""5g""}]",immersion,90,,,,,,,"Ferrite (blue), martensite (brown/black), retained austenite (white), phases","Sulfide-based tint etchant for phase differentiation. Colors ferrite blue, martensite brown to black, bainite brown, retained austenite remains white. Used for carbon steels, cast irons, and stainless steels.","Ferrite blue, martensite brown/black, austenite white","[""carbon-steel"",""low-alloy-steel"",""cast-iron"",""stainless-steel"",""duplex-stainless-steel""]","[""aluminum"",""titanium"",""copper""]",true,klemms,,"Prepare saturated Na₂S₂O₃ solution: dissolve Na₂S₂O₃·5H₂O in warm water until no more dissolves then cool. Add 5g K₂S₂O₅ to 50ml saturated solution just before use.","Immerse sample for 60-120 seconds at room temperature. Warming solution to 40°C enhances staining intensity. Rinse with water. Do not swab — tint film is delicate.","If staining is too weak warm solution to 40°C or increase K₂S₂O₅. If over-colored reduce immersion time. Ensure sample is well-polished — scratches interfere with tinting.","Store saturated Na₂S₂O₃ stock solution in glass bottle — stable for months. Add K₂S₂O₅ fresh before each use. Mixed solution has limited shelf life (~1 day).","[""Beraha's Reagent"",""Weck's Etch""]","[""Beraha's Reagent"",""Weck's Etch""]","[""ASTM E407""]",,,,,,,published,false,23,0,0,2025-12-05 00:10:11.649258+00,2025-12-05 00:10:11.649258+00
99607409-50bd-4cc6-8ffd-afa8bcaf0d56,Adler's Etchant,adlers-etchant,"[""Adler's Reagent""]","[""nickel-alloy"",""hastelloy"",""superalloy"",""stainless-steel""]",material-specific,"45g FeCl₃, 9g copper ammonium chloride, 150ml HCl, 75ml H₂O",Mixed,"[{""name"": ""Ferric Chloride"", ""role"": ""etching agent"", ""amount"": ""45g""}, {""name"": ""Copper Ammonium Chloride"", ""role"": ""complexing/oxidizing agent"", ""amount"": ""9g""}, {""name"": ""Hydrochloric Acid"", ""role"": ""acid medium"", ""amount"": ""150ml""}, {""name"": ""Water"", ""role"": ""solvent"", ""amount"": ""75ml""}]",immersion,10,,,,,,,"Grain boundaries, phases, carbides, TCP phases","Very effective etchant for Hastelloy and nickel-based superalloys. The combination of FeCl₃ and copper ammonium chloride in concentrated HCl attacks the passive film on corrosion-resistant nickel alloys. More aggressive than Glyceregia — use when Glyceregia provides insufficient contrast.","Grain boundaries dark, carbides and TCP phases revealed","[""hastelloy"",""nickel-alloy"",""superalloy"",""inconel"",""stainless-steel""]","[""carbon-steel"",""aluminum"",""copper""]",true,adlers,,"Dissolve 45g FeCl₃ and 9g copper ammonium chloride (CuCl₂·2NH₄Cl) in 75ml distilled water, then slowly add 150ml concentrated HCl. Stir until fully dissolved. Use in fume hood — concentrated HCl fumes.",Immerse sample for several seconds (5-15 sec). Check under microscope. Re-immerse in 5-second increments if needed. Very aggressive — start with short times. Rinse immediately with water then ethanol.,"More aggressive than Glyceregia. If over-etching occurs, reduce immersion time to just a few seconds. Particularly effective for Hastelloy alloys that resist milder etchants. Swabbing can also be used for more control.",Store in glass bottle. Shelf life: several months. Solution is stable.,"[""Glyceregia"",""Aqua Regia""]","[""Glyceregia""]","[""ASTM E407""]",,,,,,,published,false,14,0,0,2025-12-05 00:10:11.649258+00,2025-12-05 00:10:11.649258+00
9f081e56-f65b-4dc4-a887-373be5b484aa,Ammonium Hydroxide + H₂O₂,ammonium-hydroxide-h2o2,"[""NH₄OH + H₂O₂"",""Ammonia Peroxide""]","[""copper"",""copper-alloy"",""brass""]",material-specific,"25ml H₂O, 25ml NH₄OH (conc.), 5-25ml H₂O₂ (3%)",Variable,"[{""name"": ""Water"", ""role"": ""solvent"", ""amount"": ""25ml""}, {""name"": ""Ammonium Hydroxide"", ""role"": ""etching agent"", ""amount"": ""25ml""}, {""name"": ""Hydrogen Peroxide"", ""role"": ""oxidizer"", ""amount"": ""5-25ml""}]",immersion,20,,,,,,,"Grain boundaries, twin boundaries, grain contrast","Standard etchant for copper and brass. Variable H₂O₂ controls aggressiveness: less H₂O₂ (5ml) reveals grain boundaries only; more H₂O₂ (25ml) produces stronger grain contrast and reveals substructure. Fresh solution required — decomposes within minutes.","Grain boundaries dark, twins visible","[""copper"",""copper-alloy"",""brass"",""pure-copper""]","[""steel"",""aluminum""]",false,,,"Mix 25ml water with 25ml concentrated NH₄OH, then add 5-25ml H₂O₂ (3%). Adjust H₂O₂ volume to control etch aggressiveness. Prepare fresh — solution decomposes within minutes.",Immerse or swab sample for 10-30 seconds. Rinse with water. Must be used immediately after mixing — do not store.,"Solution decomposes very rapidly — prepare fresh for each sample. If no etching occurs, prepare new solution. Increase H₂O₂ for more aggressive attack, decrease for grain boundaries only.",Cannot be stored - prepare fresh for each use. Decomposes within minutes.,"[""Ammonium Persulfate"",""Copper No. 2""]","[""Ammonium Persulfate""]","[""ASTM E407""]",,,,,,,published,false,48,0,0,2025-12-05 00:10:11.649258+00,2025-12-05 00:10:11.649258+00
a2b3d562-db8a-4979-88a2-41462738b7be,3% Nital,3-percent-nital,"[""3% Nitric Acid"",""Nital 3%""]","[""carbon-steel"",""medium-carbon-steel"",""general-purpose""]",general-purpose,3% Nitric Acid in Ethanol,3%,"[{""name"": ""Nitric Acid"", ""role"": ""etching agent"", ""percentage"": 3}, {""name"": ""Ethanol"", ""role"": ""solvent"", ""percentage"": 97}]",immersion,10,,,,,,,"Grain boundaries, ferrite, pearlite, bainite",Similar to 2% Nital but more aggressive. Better for harder steels and bainitic structures.,"Pearlite darkens more, ferrite remains light","[""medium-carbon-steel"",""high-carbon-steel"",""tool-steel""]","[""stainless-steel"",""aluminum""]",true,nital-3,,Mix 3 ml concentrated nitric acid (HNO₃) with 97 ml ethanol. Add acid to ethanol slowly with stirring.,Immerse sample for 10-20 seconds. More aggressive than 2% Nital. Rinse with ethanol then water.,Use for harder steels that don't respond well to 2% Nital. Reduce time if over-etching occurs.,Store in dark glass bottle. Shelf life: 3-6 months.,"[""2% Nital"",""4% Picral""]","[""2% Nital"",""4% Nital"",""5% Nital""]","[""ASTM E407""]",,,,,,,published,true,2,0,0,2025-12-05 00:10:11.649258+00,2025-12-05 00:10:11.649258+00
a7ee5f73-f50f-4605-a65d-dd617d8b115f,Vilella's Reagent,vilellas-reagent,"[""Vilella's Etchant""]","[""tool-steel"",""high-speed-steel"",""carbides""]",specialty,"1g Picric Acid, 5ml HCl, 100ml Ethanol",Mixed,"[{""name"": ""Picric Acid"", ""role"": ""etching agent"", ""amount"": ""1g""}, {""name"": ""Hydrochloric Acid"", ""role"": ""etching agent"", ""amount"": ""5ml""}, {""name"": ""Ethanol"", ""role"": ""solvent"", ""amount"": ""100ml""}]",immersion,10,,,,,,,"Carbides, martensite, grain boundaries",Excellent for tool steels and high-speed steels. Reveals carbides clearly.,"Carbides dark, matrix light","[""tool-steel"",""high-speed-steel"",""alloy-steel""]","[""stainless-steel"",""aluminum""]",true,vilellas,,"Dissolve 1g picric acid in 5ml HCl, then add 100ml ethanol. CAUTION: Picric acid is explosive when dry.",Immerse sample for 10-20 seconds. Rinse with ethanol then water.,Keep picric acid wet. Never allow to dry. Use fresh solution.,"Store in dark bottle, keep wet. Extremely hazardous when dry.","[""4% Picral"",""Nital""]","[""4% Picral""]","[""ASTM E407""]",,,,,,,published,true,11,0,0,2025-12-05 00:10:11.649258+00,2025-12-05 00:10:11.649258+00
b7ff2d64-b04b-4789-bd92-857e50cd6cdd,Copper No. 1,copper-no-1,"[""Copper Etchant No. 1"",""50% Nitric Acid""]","[""copper"",""copper-alloy"",""brass"",""bronze""]",material-specific,"125ml HNO₃ (conc.), 125ml H₂O",50%,"[{""name"": ""Nitric Acid"", ""role"": ""etching agent"", ""amount"": ""125ml""}, {""name"": ""Water"", ""role"": ""solvent"", ""amount"": ""125ml""}]",immersion,10,,,,,,,"Grain boundaries, twinning, phases","Standard general-purpose etchant for copper and copper alloys. Reveals grain boundaries and annealing twins clearly. Most common etchant for brass. Works well on alpha brasses and bronzes.","Grain boundaries dark, twins visible, phases differentiated","[""copper"",""copper-alloy"",""brass"",""bronze""]","[""steel"",""aluminum""]",true,copper-no-1,,"CAUTION: Exothermic reaction. Slowly add 125ml concentrated nitric acid to 125ml distilled water with stirring. Allow to cool before use. Use in fume hood - produces toxic NOx fumes.","Immerse sample for 1-10 seconds, or swab for more controlled results. Very fast-acting etchant - start with very short times (1-3 seconds) and check under microscope. For brasses, 3-10 seconds is typical. Rinse immediately with water, then ethanol.",Aggressive etchant - over-etching occurs quickly. If surface appears rough or pitted reduce time drastically. Swab etching gives better control than immersion for sensitive alloys.,Store in glass bottle in fume hood. Shelf life: several months. Discard if solution turns green (copper contamination).,"[""Copper No. 2"",""Ammonium Persulfate""]","[""Ammonium Persulfate""]","[""ASTM E407""]",,,,,,,published,false,28,0,0,2025-12-05 00:10:11.649258+00,2025-12-05 00:10:11.649258+00
b89d3152-c11a-46d7-b16a-ea01fbabf76a,ASTM No. 2,astm-no-2,"[""ASTM E407 No. 2""]","[""general-purpose"",""carbon-steel"",""cast-iron""]",general-purpose,"4g Picric Acid, 100ml Ethanol",4%,"[{""name"": ""Picric Acid"", ""role"": ""etching agent"", ""amount"": ""4g""}, {""name"": ""Ethanol"", ""role"": ""solvent"", ""amount"": ""100ml""}]",immersion,10,,,,,,,"Pearlite, cementite, grain boundaries",ASTM standard etchant for revealing pearlite structure. Does not attack ferrite grain boundaries as strongly as Nital.,"Pearlite darkens, ferrite remains light","[""carbon-steel"",""cast-iron"",""pearlitic-steel""]","[""stainless-steel"",""martensitic-steel""]",false,,,Mix 4g picric acid with 100ml ethanol. Warm slightly to dissolve. CAUTION: Picric acid is explosive when dry. Keep wet at all times.,Immerse sample for 10-20 seconds. Swab if needed. Rinse with ethanol then water.,"Keep picric acid wet at all times. Never allow to dry. Store in water-wet condition. If over-etched, reduce time.","Store in dark bottle, keep wet. Add water if solution dries. Extremely hazardous when dry. Never allow to dry completely.","[""4% Picral"",""2% Nital""]","[""4% Picral""]","[""ASTM E407""]",,,,,,,published,false,38,0,0,2025-12-05 00:10:11.649258+00,2025-12-05 00:10:11.649258+00
ba49788d-12bd-496a-a269-089601938dd3,Ferric Chloride (Aqueous),ferric-chloride,"[""FeCl₃"",""Iron(III) Chloride"",""5% Ferric Chloride""]","[""copper"",""copper-alloy"",""bronze"",""brass""]",material-specific,"5g FeCl₃, 100ml H₂O",5%,"[{""name"": ""Ferric Chloride"", ""role"": ""etching agent"", ""amount"": ""5g""}, {""name"": ""Water"", ""role"": ""solvent"", ""amount"": ""100ml""}]",immersion,30,,,,,,,"Grain boundaries, phases","Simple aqueous ferric chloride solution. Gentler than Copper No. 2 (which adds HCl). Good general-purpose etchant for copper alloys when a less aggressive etch is needed. Useful for initial examination before moving to more specific etchants.",Grain boundaries dark,"[""copper"",""copper-alloy"",""bronze"",""brass""]","[""steel"",""aluminum""]",false,,,"Dissolve 5g FeCl₃ in 100ml distilled water. Stir until fully dissolved. For a stronger etch, increase to 10g FeCl₃.",Immerse sample for 20-60 seconds. Rinse with water. Gentler than acidified FeCl₃ (Copper No. 2). Good starting point when etch aggressiveness is uncertain.,May stain if over-etched. Less aggressive than Copper No. 2 (no HCl). If insufficient contrast use Copper No. 2 instead.,Store in glass bottle. Shelf life: several months.,"[""Copper No. 2"",""Ammonium Persulfate""]","[""Copper No. 2""]","[""ASTM E407""]",,,,,,,published,false,10,0,0,2025-12-05 00:10:11.649258+00,2025-12-05 00:10:11.649258+00
ba58e2b1-576b-4140-be0f-82ec1615826a,10% Oxalic Acid (Electrolytic),10-percent-oxalic-acid-electrolytic,"[""Oxalic Acid Electrolytic"",""Electrolytic Oxalic""]","[""stainless-steel"",""nickel-alloy"",""electrolytic"",""austenitic"",""superalloy""]",electrolytic,"10g (COOH)₂·2H₂O, 100ml H₂O",10%,"[{""name"": ""Oxalic Acid Dihydrate"", ""role"": ""etching agent"", ""amount"": ""10g""}, {""name"": ""Water"", ""role"": ""solvent"", ""amount"": ""100ml""}]",electrolytic,30,,6,0.1,,,,"Grain boundaries, carbides, sigma phase, gamma prime","Electrolytic etchant for stainless steels and nickel superalloys. Reveals grain boundaries, carbides, sigma phase, and γ' precipitates. Provides controlled etching through voltage regulation — less prone to over-etching than chemical etchants.",Grain boundaries dark,"[""stainless-steel"",""austenitic-stainless-steel"",""nickel-alloy"",""inconel"",""hastelloy"",""superalloy""]","[""carbon-steel"",""aluminum""]",false,,,Dissolve 10g oxalic acid dihydrate in 100ml distilled water. Use as electrolyte in electrolytic etching setup.,"Use as electrolyte with stainless steel cathode. Apply 6V DC, 0.1 A/cm² current density for 30-60 seconds. Sample is anode. Rinse with water after etching.","Ensure good electrical contact. If no etching occurs, check connections and increase voltage slightly. If over-etching, reduce time or current density.",Store in glass bottle. Shelf life: several months. Solution is stable.,"[""Kalling's No. 2"",""Glyceregia""]","[""Kalling's No. 2""]","[""ASTM E407""]",,,,,,,published,false,35,0,0,2025-12-05 00:10:11.649258+00,2025-12-05 00:10:11.649258+00
ba8b3212-3b1e-4475-8c82-70339ea5b6a5,ASTM No. 157,astm-no-157,"[""ASTM E407 No. 157""]","[""stainless-steel"",""nickel-alloy""]",material-specific,"100ml HCl, 100ml Ethanol, 5g CuCl₂",Mixed,"[{""name"": ""Hydrochloric Acid"", ""role"": ""etching agent"", ""amount"": ""100ml""}, {""name"": ""Ethanol"", ""role"": ""solvent"", ""amount"": ""100ml""}, {""name"": ""Copper Chloride"", ""role"": ""etching agent"", ""amount"": ""5g""}]",immersion,30,,,,,,,"Grain boundaries, phases",ASTM standard etchant for stainless steels and nickel alloys.,Grain boundaries dark,"[""stainless-steel"",""nickel-alloy""]","[""carbon-steel"",""aluminum""]",true,astm-no-157,,"Dissolve 5g CuCl₂ in 100ml HCl, then add 100ml ethanol.",Immerse sample for 30-60 seconds. Rinse with water and ethanol.,Standard ASTM etchant formulation.,Store in glass bottle. Shelf life: several months.,"[""ASTM No. 30"",""Kalling's No. 2""]","[""ASTM No. 30""]","[""ASTM E407""]",,,,,,,published,false,26,0,0,2025-12-05 00:10:11.649258+00,2025-12-05 00:10:11.649258+00
be94f6ca-b376-4182-958f-f538751796ac,10% Perchloric Acid (Electrolytic),10-percent-perchloric-acid-electrolytic,"[""Perchloric Acid Electrolytic"",""Electrolytic Perchloric""]","[""stainless-steel"",""electrolytic"",""nickel-alloy""]",electrolytic,"10ml HClO₄, 90ml Acetic Acid",10%,"[{""name"": ""Perchloric Acid"", ""role"": ""etching agent"", ""amount"": ""10ml""}, {""name"": ""Acetic Acid"", ""role"": ""solvent"", ""amount"": ""90ml""}]",electrolytic,20,,20,0.5,,,,"Grain boundaries, phases",Electrolytic etchant for stainless steels and nickel alloys. Very effective for revealing grain structure.,Grain boundaries dark,"[""stainless-steel"",""nickel-alloy"",""inconel""]","[""carbon-steel"",""aluminum""]",false,,,CAUTION: Perchloric acid is extremely dangerous and can explode. Mix 10ml perchloric acid (70%) with 90ml glacial acetic acid. Use only in specialized fume hood designed for perchloric acid. Never use with organic materials.,"Use as electrolyte with stainless steel cathode. Apply 20V DC, 0.5 A/cm² current density for 20-40 seconds at room temperature. Sample is anode. Rinse thoroughly with water after etching.",CAUTION: Perchloric acid is extremely hazardous and can form explosive perchlorate salts. Use only in specialized perchloric acid fume hood. Never allow to dry. Clean all surfaces thoroughly after use. Very effective but requires extreme caution.,Store in glass bottle in specialized perchloric acid storage area. Label clearly as extremely hazardous. Shelf life: prepare fresh when needed.,"[""10% Oxalic Acid (Electrolytic)"",""Chromic Acid (Electrolytic)""]","[""10% Oxalic Acid (Electrolytic)""]","[""ASTM E407""]",,,,,,,published,false,45,0,0,2025-12-05 00:10:11.649258+00,2025-12-05 00:10:11.649258+00
c0a615e8-0ea1-4764-be11-67b6b7ba04a2,Marble's Reagent,marbles-reagent,"[""Marble's Etchant""]","[""copper"",""copper-alloy"",""brass""]",material-specific,"10g CuSO₄, 50ml NH₄OH, 50ml H₂O",Mixed,"[{""name"": ""Copper Sulfate"", ""role"": ""etching agent"", ""amount"": ""10g""}, {""name"": ""Ammonium Hydroxide"", ""role"": ""solvent"", ""amount"": ""50ml""}, {""name"": ""Water"", ""role"": ""solvent"", ""amount"": ""50ml""}]",immersion,30,,,,,,,"Grain boundaries, twinning",For copper and brass. Reveals grain boundaries and twins.,"Grain boundaries dark, twins visible","[""copper"",""copper-alloy"",""brass""]","[""steel"",""aluminum""]",true,marbles,,"Dissolve 10g CuSO₄ in 50ml water, then add 50ml NH₄OH.",Immerse sample for 30-60 seconds. Rinse with water.,Good for revealing annealing twins in copper.,Store in glass bottle. Shelf life: several weeks.,"[""Ammonium Persulfate"",""CU-PASS-SOL""]","[""Ammonium Persulfate""]","[""ASTM E407""]",,,,,,,published,false,21,0,0,2025-12-05 00:10:11.649258+00,2025-12-05 00:10:11.649258+00
c88a7158-725f-464e-af95-13a38cb555b3,Inconel Etchant,inconel-etchant,"[""Inconel Reagent""]","[""nickel-alloy"",""inconel"",""superalloy""]",material-specific,"100ml HCl, 100ml Ethanol, 5g CuCl₂",Mixed,"[{""name"": ""Hydrochloric Acid"", ""role"": ""etching agent"", ""amount"": ""100ml""}, {""name"": ""Ethanol"", ""role"": ""solvent"", ""amount"": ""100ml""}, {""name"": ""Copper Chloride"", ""role"": ""etching agent"", ""amount"": ""5g""}]",immersion,30,,,,,,,"Grain boundaries, phases",Specifically for Inconel and nickel-based superalloys.,Grain boundaries dark,"[""nickel-alloy"",""inconel"",""superalloy""]","[""carbon-steel"",""aluminum""]",true,inconel,,"Dissolve 5g CuCl₂ in 100ml HCl, then add 100ml ethanol.",Immerse sample for 30-60 seconds. May require swabbing. Rinse with water and ethanol.,Works well on Inconel series alloys.,Store in glass bottle. Shelf life: several months.,"[""Glyceregia"",""Kalling's No. 2""]","[""Glyceregia""]","[""ASTM E407""]",,,,,,,published,false,18,0,0,2025-12-05 00:10:11.649258+00,2025-12-05 00:10:11.649258+00
ccbd5461-1d8f-455e-b8b7-8a103e041ea4,Ammonium Persulfate,ammonium-persulfate,"[""(NH₄)₂S₂O₈""]","[""copper"",""copper-alloy"",""brass"",""bronze""]",material-specific,10% (NH₄)₂S₂O₈ in H₂O,10%,"[{""name"": ""Ammonium Persulfate"", ""role"": ""etching agent"", ""percentage"": 10}, {""name"": ""Water"", ""role"": ""solvent"", ""percentage"": 90}]",immersion,30,,,,,,,"Grain boundaries, twinning",Excellent for copper and brass. Reveals grain boundaries and annealing twins clearly.,"Grain boundaries dark, twins visible","[""copper"",""copper-alloy"",""brass"",""bronze""]","[""steel"",""aluminum""]",true,ammonium-persulfate,,Dissolve 10g (NH₄)₂S₂O₈ in 100ml distilled water. Prepare fresh solution.,Immerse sample for 30-60 seconds. Swab gently. Rinse with water.,Prepare fresh for best results. Solution decomposes over time.,Store in dark bottle. Prepare fresh when needed. Shelf life: 1-2 days.,"[""Ferric Chloride"",""Potassium Dichromate""]","[""Ferric Chloride""]","[""ASTM E407""]",,,,,,,published,true,9,0,0,2025-12-05 00:10:11.649258+00,2025-12-05 00:10:11.649258+00
d0a34c5e-9c8f-4bcb-bd28-cdaed835e09b,Murakami's Reagent,murakamis-reagent,"[""Murakami's Etchant""]","[""tungsten-carbide"",""hard-metals"",""carbides"",""ceramic"",""titanium-carbide""]",specialty,"10g K₃Fe(CN)₆, 10g KOH, 100ml H₂O",10% each,"[{""name"": ""Potassium Ferricyanide"", ""role"": ""etching agent"", ""amount"": ""10g""}, {""name"": ""Potassium Hydroxide"", ""role"": ""etching agent"", ""amount"": ""10g""}, {""name"": ""Water"", ""role"": ""solvent"", ""amount"": ""100ml""}]",immersion,30,,,,,,,"Carbides, phases in hard metals and cermets",Excellent for tungsten carbides, titanium carbides, and hard metals. Reveals carbide distribution. Standard etchant for WC-Co and TiC-Ni cermets. Do NOT acidify — releases HCN gas.,"Carbides colored, matrix light","[""tungsten-carbide"",""hard-metals"",""cemented-carbide"",""titanium-carbide"",""cermet""]","[""steel"",""aluminum""]",true,murakamis,,Dissolve 10g K₃Fe(CN)₆ and 10g KOH in 100ml water. Prepare fresh.,Immerse sample for 30-60 seconds. May require heating to 50-60°C for some materials.,Can be used hot for better results on hard materials.,Store in dark bottle. Prepare fresh when needed.,"[""Vilella's Reagent""]","[""Vilella's Reagent""]","[""ASTM E407""]",,,,,,,published,false,12,0,0,2025-12-05 00:10:11.649258+00,2025-12-05 00:10:11.649258+00
d0c65570-124b-48c0-8fd3-23bb0ca80a06,2% Nital,2-percent-nital,"[""2% Nitric Acid"",""Nital 2%""]","[""carbon-steel"",""low-alloy-steel"",""general-purpose""]",general-purpose,2% Nitric Acid in Ethanol,2%,"[{""name"": ""Nitric Acid"", ""role"": ""etching agent"", ""percentage"": 2}, {""name"": ""Ethanol"", ""role"": ""solvent"", ""percentage"": 98}]",immersion,5,,,,,,,"Grain boundaries, ferrite, pearlite","Reveals ferrite grain boundaries and pearlite colonies. Darkens pearlite, leaves ferrite light.","Pearlite darkens, ferrite remains light","[""carbon-steel"",""low-alloy-steel"",""cast-iron""]","[""stainless-steel"",""aluminum"",""titanium""]",true,nital-2,,Mix 2 ml concentrated nitric acid (HNO₃) with 98 ml ethanol (95% or absolute). Add acid to ethanol slowly with stirring. Store in glass bottle.,"Immerse sample for 5-15 seconds. Swab gently if needed. Rinse immediately with ethanol, then water. Dry with compressed air.","If over-etched (too dark), reduce time or concentration. If under-etched, increase time slightly. Ensure fresh etchant for best results.",Store in dark glass bottle with tight cap. Keep away from light. Shelf life: 3-6 months if properly stored.,"[""3% Nital"",""4% Picral""]","[""3% Nital"",""5% Nital""]","[""ASTM E407""]",,,,,,,published,true,1,0,0,2025-12-05 00:10:11.649258+00,2025-12-05 00:10:11.649258+00
d77bf80c-466e-43e9-8d56-2026b00c82f4,ASTM No. 1,astm-no-1,"[""ASTM E407 No. 1""]","[""general-purpose"",""carbon-steel""]",general-purpose,"100ml Ethanol, 1-5ml HNO₃",1-5%,"[{""name"": ""Ethanol"", ""role"": ""solvent"", ""amount"": ""100ml""}, {""name"": ""Nitric Acid"", ""role"": ""etching agent"", ""amount"": ""1-5ml""}]",immersion,10,,,,,,,"Grain boundaries, ferrite, pearlite",ASTM standard general-purpose etchant. Similar to Nital but with variable concentration. Good for carbon and low-alloy steels.,"Pearlite darkens, ferrite remains light","[""carbon-steel"",""low-alloy-steel"",""cast-iron""]","[""stainless-steel"",""aluminum""]",false,,,Mix 1-5ml concentrated nitric acid (HNO₃) with 100ml ethanol. Adjust concentration based on material hardness. Add acid to ethanol slowly with stirring.,Immerse sample for 10-30 seconds. Adjust time based on concentration used. Rinse with ethanol then water. Dry with compressed air.,"Start with lower concentration (1-2%) for softer steels. Increase concentration for harder materials. If over-etched, reduce concentration or time.",Store in dark glass bottle with tight cap. Keep away from light. Shelf life: 3-6 months if properly stored.,"[""2% Nital"",""3% Nital""]","[""2% Nital"",""3% Nital""]","[""ASTM E407""]",,,,,,,published,false,37,0,0,2025-12-05 00:10:11.649258+00,2025-12-05 00:10:11.649258+00
df13321f-2b25-4e3c-bb74-b53b936de668,Chromic Acid (Electrolytic),chromic-acid-electrolytic,"[""Chromic Acid Electrolytic"",""Electrolytic Chromic""]","[""stainless-steel"",""electrolytic"",""nickel-alloy""]",electrolytic,"10g CrO₃, 100ml H₂O",10%,"[{""name"": ""Chromic Trioxide"", ""role"": ""etching agent"", ""amount"": ""10g""}, {""name"": ""Water"", ""role"": ""solvent"", ""amount"": ""100ml""}]",electrolytic,60,,6,0.1,,,,"Grain boundaries, phases",Electrolytic etchant for stainless steels and nickel alloys. Good for revealing grain structure without over-etching.,Grain boundaries dark,"[""stainless-steel"",""nickel-alloy"",""inconel""]","[""carbon-steel"",""aluminum""]",false,,,CAUTION: Chromic acid is highly toxic and carcinogenic. Dissolve 10g CrO₃ in 100ml distilled water. Use in fume hood with proper PPE.,"Use as electrolyte with stainless steel cathode. Apply 6V DC, 0.1 A/cm² current density for 60-120 seconds. Sample is anode. Rinse thoroughly with water after etching.","CAUTION: Chromic acid is a known carcinogen. Use only in fume hood with full PPE. Ensure good electrical contact. If no etching, check connections.",Store in glass bottle with tight cap. Label clearly as toxic and carcinogenic. Shelf life: several months.,"[""10% Oxalic Acid (Electrolytic)"",""Kalling's No. 2""]","[""10% Oxalic Acid (Electrolytic)""]","[""ASTM E407""]",,,,,,,published,false,36,0,0,2025-12-05 00:10:11.649258+00,2025-12-05 00:10:11.649258+00
e4d5852a-7b77-46e1-977b-f5f255e4b9d0,Stead's Reagent,steads-reagent,"[""Stead's Etchant""]","[""cast-iron"",""graphite"",""iron""]",material-specific,"10g CuCl₂, 40g MgCl₂, 20ml HCl, 1000ml H₂O",Mixed,"[{""name"": ""Copper Chloride"", ""role"": ""etching agent"", ""amount"": ""10g""}, {""name"": ""Magnesium Chloride"", ""role"": ""etching agent"", ""amount"": ""40g""}, {""name"": ""Hydrochloric Acid"", ""role"": ""etching agent"", ""amount"": ""20ml""}, {""name"": ""Water"", ""role"": ""solvent"", ""amount"": ""1000ml""}]",immersion,60,,,,,,,"Graphite, matrix structure",Specifically for revealing graphite in cast iron. Colors graphite and reveals matrix structure.,"Graphite colored, matrix visible","[""cast-iron"",""gray-iron"",""ductile-iron""]","[""steel"",""aluminum""]",false,,,"Dissolve 10g CuCl₂ and 40g MgCl₂ in 1000ml water, then add 20ml HCl. Mix thoroughly.",Immerse sample for 60-120 seconds. Swab gently if needed. Rinse with water.,Excellent for revealing graphite distribution in cast irons. May require longer times for some materials.,Store in glass bottle. Shelf life: several months.,"[""2% Nital"",""4% Picral""]","[""2% Nital""]","[""ASTM E407""]",,,,,,,published,false,40,0,0,2025-12-05 00:10:11.649258+00,2025-12-05 00:10:11.649258+00
e66465c5-e095-4b75-9539-3382e0abf44d,Winsteard's Reagent,winsteards-reagent,"[""Winsteard's Etchant""]","[""stainless-steel"",""chromium-steel""]",material-specific,"100ml HCl, 100ml Ethanol, 5g CuCl₂",Mixed,"[{""name"": ""Hydrochloric Acid"", ""role"": ""etching agent"", ""amount"": ""100ml""}, {""name"": ""Ethanol"", ""role"": ""solvent"", ""amount"": ""100ml""}, {""name"": ""Copper Chloride"", ""role"": ""etching agent"", ""amount"": ""5g""}]",immersion,30,,,,,,,"Grain boundaries, phases",For chromium steels and stainless steels.,Grain boundaries dark,"[""stainless-steel"",""chromium-steel""]","[""carbon-steel"",""aluminum""]",true,winsteards,,"Dissolve 5g CuCl₂ in 100ml HCl, then add 100ml ethanol.",Immerse sample for 30-60 seconds. Rinse with water and ethanol.,Similar to other copper chloride based etchants.,Store in glass bottle. Shelf life: several months.,"[""Kalling's No. 2""]","[""Kalling's No. 2""]","[""ASTM E407""]",,,,,,,published,false,24,0,0,2025-12-05 00:10:11.649258+00,2025-12-05 00:10:11.649258+00
e78c9752-72f2-4912-89ef-1fce11659850,Modified Kroll's Reagent,modified-krolls-reagent,"[""Modified Kroll's"",""Kroll's Modified""]","[""titanium"",""titanium-alloy""]",material-specific,"1ml HF, 3ml HNO₃, 100ml H₂O",1%,"[{""name"": ""Hydrofluoric Acid"", ""role"": ""etching agent"", ""amount"": ""1ml""}, {""name"": ""Nitric Acid"", ""role"": ""oxidizer"", ""amount"": ""3ml""}, {""name"": ""Water"", ""role"": ""solvent"", ""amount"": ""100ml""}]",swabbing,5,,,,,,,"Alpha-beta phases, grain boundaries",Less aggressive version of Kroll's reagent. Good for sensitive titanium microstructures.,"Alpha phase light, beta phase dark","[""titanium"",""titanium-alloy""]","[""steel"",""aluminum""]",false,,,"CAUTION: HF is extremely hazardous. Mix 1ml HF, 3ml HNO₃, and 100ml water in plastic container. Use fume hood and proper PPE.",Swab sample for 5-15 seconds. Do not immerse. Rinse immediately with copious water.,HF causes severe burns. Always use in fume hood with proper PPE. Have calcium gluconate gel available. Less aggressive than standard Kroll's.,Store in plastic container. Label clearly. Extremely hazardous - follow safety protocols.,"[""Kroll's Reagent"",""Ti-AP-16""]","[""Kroll's Reagent""]","[""ASTM E407""]",,,,,,,published,false,41,0,0,2025-12-05 00:10:11.649258+00,2025-12-05 00:10:11.649258+00
e39daf20-253d-481f-ac37-40c205793dd8,Weck's Reagent,wecks-reagent,"[""Weck's Etchant"",""Weck-Leistner Reagent""]","[""aluminum"",""aluminum-alloy"",""nickel-alloy"",""tint-etchant""]",material-specific,"4g KMnO₄, 1g NaOH, 100ml H₂O",Mixed,"[{""name"": ""Potassium Permanganate"", ""role"": ""oxidizer/coloring agent"", ""amount"": ""4g""}, {""name"": ""Sodium Hydroxide"", ""role"": ""alkalinizing agent"", ""amount"": ""1g""}, {""name"": ""Water"", ""role"": ""solvent"", ""amount"": ""100ml""}]",immersion,15,,,,,,,"Grain structure, dendritic segregation, orientation contrast","Tint etchant for aluminum and nickel alloys. Deposits a thin Mn-oxide film of varying thickness that produces orientation-dependent interference colors under bright-field illumination. For aluminum: excellent for grain structure and dendritic segregation (2xxx and 5xxx series). For nickel alloys: same concentration (scale batch to 10g/2.5g/250ml for larger samples) reveals grain orientation contrast.","Orientation-dependent interference colors under bright-field; grain boundaries and dendrite arms appear in contrasting colors","[""aluminum"",""aluminum-alloy"",""cast-aluminum"",""nickel-alloy"",""hastelloy"",""inconel""]","[""steel"",""titanium"",""copper""]",true,wecks,,"Dissolve 1g NaOH in 100ml distilled water, then add 4g KMnO₄ and stir until dissolved. Solution should be dark purple. Prepare fresh for best results.","Immerse sample for 10-20 seconds. Check under microscope. Re-immerse in 5-second increments if more contrast is needed. Rinse with water, then ethanol. Dry with warm air. View under bright-field illumination for interference colors.","If colors are too faint, increase immersion time. If surface is uniformly dark or stained, reduce time or prepare fresh solution. Sample must be well-polished with no residual deformation for best tint results. Colloidal silica final polish recommended.",Store in glass or plastic bottle. Solution degrades over days; prepare fresh for critical work. Discard if solution turns brown or loses its purple color.,"[""Keller's Reagent"",""Barker's Reagent (Electrolytic)""]","[""Barker's Reagent (Electrolytic)""]","[""ASTM E407""]",,,,,,,published,false,48,0,0,2025-12-05 00:10:11.649258+00,2025-12-05 00:10:11.649258+00
f342f303-289b-4d5a-bb22-168f66d689e9,Al-NaOH Etchant,al-naoh-etchant,"[""Sodium Hydroxide"",""NaOH""]","[""aluminum"",""aluminum-alloy""]",material-specific,"10-20g NaOH, 100ml H₂O",10-20%,"[{""name"": ""Sodium Hydroxide"", ""role"": ""etching agent"", ""percentage"": 10}, {""name"": ""Water"", ""role"": ""solvent"", ""percentage"": 90}]",immersion,30,50,,,,,,"Grain boundaries, precipitates",For aluminum alloys. Reveals grain structure.,Grain boundaries dark,"[""aluminum"",""aluminum-alloy""]","[""steel"",""titanium""]",true,naoh,,CAUTION: NaOH is caustic. Dissolve 10-20g NaOH in 100ml water. Use at 50°C.,Immerse sample at 50°C for 30-60 seconds. Rinse immediately with water.,Use hot for better results. CAUTION: Caustic - use proper PPE.,Store in plastic container. Label clearly. Caustic hazard.,"[""Keller's Reagent""]","[""Keller's Reagent""]","[""ASTM E407""]",,,,,,,published,false,22,0,0,2025-12-05 00:10:11.649258+00,2025-12-05 00:10:11.649258+00
b72388a8-aad2-9659-c694-1ec4aff6b829,Boiling Phosphoric Acid,boiling-phosphoric-acid,"[""Hot H₃PO₄"",""Phosphoric Acid Etch""]","[""ceramic"",""oxide-ceramic"",""alumina""]",material-specific,"15ml H₂O, 85ml H₃PO₄ (85%)",85%,"[{""name"": ""Phosphoric Acid"", ""role"": ""etching agent"", ""amount"": ""85ml""}, {""name"": ""Distilled Water"", ""role"": ""diluent"", ""amount"": ""15ml""}]",immersion,300,100+,,,Severe burns from boiling acid,Use fume hood and face shield. Boiling concentrated acid — extreme burn hazard.,Face shield; acid-resistant gloves; lab coat; fume hood,"Grain boundaries in alumina",Standard chemical etchant for alumina (Al₂O₃). Preferentially attacks grain boundaries. High-purity alumina requires longer etch times (up to 2 hrs).,Grain boundaries dark,"[""alumina"",""oxide-ceramic""]","[""metal"",""silicon-carbide""]",false,,,Mix 15ml distilled water with 85ml concentrated H₃PO₄. Use borosilicate glassware. CAUTION: concentrated acid.,"Bring solution to a boil, immerse polished sample for 5 min to 2 hrs depending on alumina purity. Check under microscope periodically. High-purity alumina etches very slowly.",If grain boundaries not visible after 30 min try increasing etch time. If surface appears roughened reduce time. Solution may need replacement after multiple uses.,Store concentrated H₃PO₄ in original container. Etch solution can be reused several times.,"[""Molten KHF₂""]","[""Molten KHF₂""]",,,,,,,,published,false,54,0,0,2026-02-16 00:00:00.000000+00,2026-02-16 00:00:00.000000+00
dad9e222-c128-39bf-d4b3-757ff30d8e9c,Boiling Sulfuric Acid (Zirconia),boiling-sulfuric-acid-zirconia,"[""Hot H₂SO₄ for ZrO₂"",""Sulfuric Acid Etch""]","[""ceramic"",""oxide-ceramic"",""zirconia""]",material-specific,"50ml H₂O, 50ml H₂SO₄ (98%)",50%,"[{""name"": ""Sulfuric Acid"", ""role"": ""etching agent"", ""amount"": ""50ml""}, {""name"": ""Distilled Water"", ""role"": ""diluent"", ""amount"": ""50ml""}]",immersion,120,100+,,,Severe burns from boiling acid. Violent exothermic reaction if mixed incorrectly.,ALWAYS add acid to water — never reverse. Use fume hood and face shield.,Face shield; acid-resistant gloves; lab coat; fume hood,"Grain boundaries in zirconia",Standard chemical etchant for zirconia (ZrO₂). Reveals grain boundaries and stabilizer-rich phases.,Grain boundaries dark,"[""zirconia"",""oxide-ceramic""]","[""metal"",""silicon-nitride""]",false,,,ALWAYS add 50ml H₂SO₄ slowly to 50ml distilled water — never reverse. Use borosilicate glassware. Extremely exothermic mixing.,"Bring diluted solution to a boil, immerse sample for 1–5 min. Check under microscope. Repeat if needed.",If no etching after 5 min check that solution is actually boiling. ZrO₂ is resistant — patience required.,Store concentrated H₂SO₄ in original container. Diluted solution can be reused.,"[""Thermal Etching""]","[""Thermal Etching""]",,,,,,,,published,false,55,0,0,2026-02-16 00:00:00.000000+00,2026-02-16 00:00:00.000000+00
72374e09-1742-c9ee-e137-a22efedcafe9,Molten KOH (Silicon Nitride),molten-koh-silicon-nitride,"[""KOH Melt"",""Potassium Hydroxide Melt""]","[""ceramic"",""nitride-ceramic"",""silicon-nitride""]",material-specific,Molten KOH,100%,"[{""name"": ""Potassium Hydroxide"", ""role"": ""etching agent"", ""amount"": ""pellets""}]",immersion,30,360+,,,Severe alkali burns from molten KOH,Molten alkali — extreme burn hazard. Use tongs and heat-resistant gloves.,Heat-resistant gloves; face shield; lab coat; tongs,"Grain boundaries in Si₃N₄",Standard molten salt etchant for silicon nitride. Preferentially dissolves glassy intergranular phase. Etching rate depends on sintering aid composition.,β-Si₃N₄ grains in relief,"[""silicon-nitride"",""nitride-ceramic""]","[""metal"",""oxide-ceramic""]",false,,,Melt KOH pellets in a platinum or nickel crucible. CAUTION: molten alkali is extremely corrosive.,"Immerse polished sample in molten KOH for seconds to minutes. Monitor carefully — etching can be very rapid. Y₂O₃-containing grades etch faster.",If over-etched (grains falling out) reduce time drastically. Start with seconds. If no etching try longer immersion or confirm KOH is fully molten.,KOH pellets absorb moisture — store in sealed container. Crucible can be reused after cleaning.,"[""Concentrated HF""]","[""Concentrated HF""]",,,,,,,,published,false,56,0,0,2026-02-16 00:00:00.000000+00,2026-02-16 00:00:00.000000+00
58c637c5-0fc4-ee63-7ffa-3522ed8e96ad,Molten Na/K Bicarbonate (SiC),molten-bicarbonate-sic,"[""Bicarbonate Melt"",""NaHCO₃/KHCO₃ Melt""]","[""ceramic"",""carbide-ceramic"",""silicon-carbide""]",material-specific,NaHCO₃ or KHCO₃ melt,100%,"[{""name"": ""Sodium Bicarbonate"", ""role"": ""etching agent"", ""amount"": ""pellets/powder""}, {""name"": ""Potassium Bicarbonate"", ""role"": ""etching agent (alternative)"", ""amount"": ""pellets/powder""}]",immersion,600,700+,,,Severe burns from molten salt,Molten salt — extreme burn hazard. Platinum crucible required.,Heat-resistant gloves; face shield; lab coat; tongs,"Grain boundaries in SiC",Standard molten salt etchant for silicon carbide. Preferentially attacks SiC grain boundaries. Reveals grain structure and polytypes.,Grain boundaries dark,"[""silicon-carbide"",""carbide-ceramic""]","[""metal"",""oxide-ceramic""]",false,,,Melt NaHCO₃ or KHCO₃ in a PLATINUM crucible. Molten carbonates attack glass and most metals. CAUTION: molten salt.,"Immerse polished sample in molten salt for approximately 10 min. Cool then dissolve residual salt with warm water. Rinse with ethanol.",If grain boundaries not visible try increasing time. If surface is heavily pitted reduce time. Ensure salt is fully molten before immersion.,Store NaHCO₃/KHCO₃ powder in sealed container to prevent moisture absorption.,"[""Thermal Etching""]","[""Thermal Etching""]",,,,,,,,published,false,57,0,0,2026-02-16 00:00:00.000000+00,2026-02-16 00:00:00.000000+00
c7033c36-7d6d-ce52-3eef-28ad7ddc5778,Weck's Copper Tint,wecks-copper-tint,"[""Weck's Reagent (Copper)"",""KMnO₄-NaOH Copper Tint""]","[""copper"",""copper-alloy"",""tint-etchant""]",material-specific,"12.5g KMnO₄, 5g NaOH, 250ml H₂O",Mixed,"[{""name"": ""Potassium Permanganate"", ""role"": ""oxidizer/coloring agent"", ""amount"": ""12.5g""}, {""name"": ""Sodium Hydroxide"", ""role"": ""alkalinizing agent"", ""amount"": ""5g""}, {""name"": ""Water"", ""role"": ""solvent"", ""amount"": ""250ml""}]",immersion,15,,,,,,,"Grain orientation, solidification structure, dendritic segregation","Tint etchant for copper and copper alloys. Deposits a thin MnO₂ film whose thickness varies with crystallographic orientation, producing interference colors under bright-field illumination. Distinct from the aluminum Weck's formulation (4g/1g/100ml). Excellent for revealing grain orientation contrast, dendritic patterns, and segregation in cast copper alloys.","Orientation-dependent interference colors under bright-field; grains appear in contrasting colors","[""copper"",""copper-alloy"",""brass"",""bronze"",""cupronickel""]","[""steel"",""aluminum""]",false,,,"Dissolve 5g NaOH in 250ml distilled water, then add 12.5g KMnO₄ and stir until dissolved. Solution should be dark purple. NOTE: This is a higher concentration than the aluminum Weck's formulation (4g/1g/100ml).",Immerse sample for 10-20 seconds. Check under microscope. Re-immerse in 5-second increments if more contrast is needed. Rinse with water then ethanol. View under bright-field for interference colors.,"If colors are too faint increase immersion time. If surface is uniformly dark reduce time or prepare fresh solution. Sample must be well-polished with colloidal silica final polish for best tint results. If no colors appear the surface may have residual deformation — re-polish.",Store in glass or plastic bottle. Solution degrades over days; prepare fresh for critical work. Discard if solution turns brown.,"[""Ammonium Persulfate"",""NH₄OH + H₂O₂""]","[""Weck's Reagent (Aluminum)""]","[""ASTM E407""]",,,,,,,published,false,58,0,0,2026-02-16 00:00:00.000000+00,2026-02-16 00:00:00.000000+00
3e50acd9-73b4-29a6-07a1-696825810709,Lactic-Nitric-HF Boride Etchant,lactic-nitric-hf-boride,"[""Boride Etchant"",""Lactic-HNO₃-HF""]","[""ceramic"",""boride-ceramic"",""zirconium-boride"",""titanium-boride""]",material-specific,"30ml lactic acid, 10ml HNO₃, 10ml HF",Mixed,"[{""name"": ""Lactic Acid"", ""role"": ""complexing agent"", ""amount"": ""30ml""}, {""name"": ""Nitric Acid"", ""role"": ""oxidizer"", ""amount"": ""10ml""}, {""name"": ""Hydrofluoric Acid"", ""role"": ""etching agent"", ""amount"": ""10ml""}]",immersion,30,,,,Contains HF — extreme hazard. Deep tissue burns.,EXTREME HAZARD: Contains HF. Use HF-rated gloves and calcium gluconate gel must be available. Fume hood mandatory.,HF-rated neoprene gloves; face shield; lab coat; fume hood; calcium gluconate gel,"Grain boundaries in boride ceramics",Etchant for boride ceramics including ZrB₂ and TiB₂. Reveals grain boundaries and secondary phases.,Grain boundaries dark,"[""zirconium-boride"",""titanium-boride"",""boride-ceramic""]","[""metal"",""oxide-ceramic""]",false,,,EXTREME HAZARD: Contains HF. Mix 30ml lactic acid with 10ml HNO₃ then carefully add 10ml HF in a fume hood. Use plastic containers only.,"Immerse sample for seconds to minutes. Check progress frequently — start with very short times. Rinse immediately with copious water.",If over-etched reduce time. Start with 5–10 seconds. Boride ceramics can etch quickly in this solution.,Cannot be stored long-term. Prepare fresh. EXTREME HF HAZARD — follow all HF safety protocols.,"[""Thermal Etching""]","[""Thermal Etching""]",,,,,,,,published,false,58,0,0,2026-02-16 00:00:00.000000+00,2026-02-16 00:00:00.000000+00